model_G Class,0.0001972127648739116,model_200,0.0013087956874407631,model_Crossland X,0.00013217252929191898,model_200,0.0012333275966891655,model_X2,0.00016211813994527162,model_Avensis,0.00016686579960214107,model_Eos,0.00014039228433814128
model_SQ7,0.00037393535945283825,model_220,0.0013087956874407631,Other.1,0.00023891384657115193,model_220,0.0012333275966891655,model_CL Class,0.00020424780354443673,model_X3,0.00018184878754925552,model_Caddy Life,0.0006288107536065294
Other.1,0.0006717257230541641,model_230,0.0013087956874407785,model_Fusion,0.00034448274208144226,model_230,0.001233327596689227,model_SL CLASS,0.0003823636027730368,Other.1,0.00047828996184610885,model_200,0.0014070442844398452
model_Scirocco,0.0009605894160191361,model_180,0.0013087956874408089,model_Zafira Tourer,0.0008007629418109145,model_180,0.0012333275966892466,model_Caddy Life,0.00040865532448694405,model_A8,0.000658017151626756,model_220,0.0014070442844398452
model_200,0.0013514727153445844,model_Transit Tourneo,0.0013087956874414499,DBScan,0.0008566087862814587,model_Transit Tourneo,0.0012333275966895237,model_2 Series,0.0005858350367943656,model_5 Series,0.0007728565580194197,model_230,0.0014070442844398676
model_220,0.0013514727153445844,model_Ranger,0.001308795687441505,model_Urban Cruiser,0.0012741289081035986,model_Escort,0.0012333275966895467,Other.1,0.0006377170320131771,model_200,0.0013944449941031714,model_180,0.001407044284439896
model_230,0.0013514727153446126,model_RS7,0.0013087956874436434,model_Escort,0.0015667074053589839,model_Ranger,0.0012333275966896322,model_GLB Class,0.0007633876508240577,model_220,0.0013944449941031716,model_Transit Tourneo,0.0014070442844402037
model_180,0.0013514727153446375,model_A2,0.0013087956874436443,model_230,0.0015667074053594835,model_RS7,0.0012333275966907547,model_S-MAX,0.0007928663459705422,model_180,0.0013944449941033841,model_Escort,0.001407044284440232
model_Transit Tourneo,0.0013514727153461467,model_Kuga,0.0013658063087603044,model_220,0.001566707405359524,model_A2,0.0012333275966907556,tax,0.000817274355055809,model_Transit Tourneo,0.0013944449941042604,model_Ranger,0.0014070442844403297
model_Escort,0.0013514727153461836,model_R Class,0.0018509271211695523,model_RS7,0.0015667074053604864,model_Streetka,0.0017441985176929356,model_Jetta,0.0009003658953940967,model_Escort,0.0013944449941043267,model_RS7,0.0014070442844411652
model_Ranger,0.0013514727153463755,model_Tigra,0.002266926370789749,brand_vauxhall,0.001984885768599436,model_R Class,0.0017441985176935679,model_Grandland X,0.0010443302787772916,model_Ranger,0.0013944449941046475,model_A2,0.0014070442844411662
model_RS7,0.001351472715347923,model_Kadjar,0.0022669263707897525,model_Streetka,0.0022156714415714727,model_Ampera,0.0021362103188303054,model_230,0.0013589214217373123,model_A2,0.001394444994106278,model_Streetka,0.0019898724084586854
model_A2,0.0013514727153479248,model_Ampera,0.002266926370789785,model_R Class,0.002215671441572358,model_CLC Class,0.0021362103188304225,model_200,0.0013589214217373598,model_GT86,0.001482809807773373,model_R Class,0.0019898724084597627
model_R Class,0.001911281895528117,model_Verso-S,0.002266926370791929,model_A6,0.0022473039888166704,model_Verso-S,0.002136210318831396,model_180,0.0013589214217373845,model_X4,0.001547917309201407,model_S4,0.0021382497714722377
model_Streetka,0.00191128189552813,model_CLC Class,0.0022669263707941916,model_A5,0.0026128795729451326,model_S5,0.00213621031883825,model_Transit Tourneo,0.0013589214217379637,model_Streetka,0.001972054220010071,model_Ampera,0.0024370998650647124
model_S5,0.0023408459908573227,model_S5,0.0022669263707985475,model_Ampera,0.002713647643098984,model_S8,0.002466697211538299,model_Escort,0.0013589214217380097,model_R Class,0.001972054220011702,model_S5,0.0024370998650670925
model_Tigra,0.002340845990872116,model_Vectra,0.0026176359641620723,model_Kadjar,0.0027136476430990016,model_Caddy Maxi,0.002466697211539118,model_Ranger,0.0013589214217381647,model_Tigra,0.002415277006240472,model_Tigra,0.002437099865067122
model_Kadjar,0.002340845990872122,model_Cascada,0.002617635964162076,model_Tigra,0.002713647643099002,model_Fox,0.002466697211539119,model_RS7,0.0013589214217395297,model_Kadjar,0.002415277006240477,model_Kadjar,0.002437099865067124
model_Ampera,0.002340845990872217,model_Fox,0.002617635964162257,model_CLC Class,0.0027136476431002645,model_Urban Cruiser,0.0024666972115394196,model_A2,0.0013589214217395312,model_Ampera,0.0024152770062406187,model_CLC Class,0.0024370998650676745
model_Verso-S,0.0023408459908748616,model_Caddy Maxi,0.002617635964162258,model_Verso-S,0.0027136476431006236,model_Cascada,0.0027538699017120266,model_Supra,0.0019029185667836673,model_X7,0.0026254997618064663,model_Caddy Maxi,0.002814136505380223
model_CLC Class,0.002340845990877933,model_Urban Cruiser,0.0026176359641657014,model_S5,0.002713647643102259,model_Caddy,0.003021109068253319,model_Streetka,0.0019218160169352546,model_Tiguan Allspace,0.002697227069144469,model_Vectra,0.002814136505381425
model_SL CLASS,0.0024088320738414547,model_S8,0.002617635964171322,model_Caddy Maxi Life,0.002885915407761957,Electric,0.003021109068253771,model_Tourneo Custom,0.0019318620168608264,model_Touran,0.0027818119063982953,model_Cascada,0.0028141365053814277
model_Fox,0.0027029914739278246,Electric,0.003205972630814156,model_Caddy Maxi,0.003133468186780807,year,0.003099128809344554,model_Caddy Maxi,0.002139976364730671,model_Fox,0.0027889374954614726,model_S8,0.002814136505389641
model_Vectra,0.0027029914739289313,model_Caddy,0.0032059726308196583,model_Fox,0.0031334681867808078,model_Eos,0.003263189278358736,model_Vectra,0.0021399763647311745,model_Caddy Maxi,0.0027889374954614757,Electric,0.0034466383940141535
model_Cascada,0.0027029914739289344,Other.1,0.00320597263082252,model_Vectra,0.0031334681867819744,model_CLK,0.003263189278359888,model_Grand C-MAX,0.0021964111176088685,model_Vectra,0.002788937495465251,Other.1,0.003446638394019579
model_Urban Cruiser,0.0027029914739309744,model_Z3,0.0034628658811115057,model_S8,0.003133468186784085,model_Z3,0.0032631892783608124,model_G Class,0.0022627445269681372,model_Cascada,0.00278893749546526,model_Caddy,0.0034466383940225153
model_S8,0.0027029914739410696,model_CLK,0.003462865881115309,model_3 Series,0.0034721966969998783,model_Caddy Life,0.003488515885754163,model_Mondeo,0.0023063281408077334,model_Urban Cruiser,0.0027889374954688127,model_Z4,0.0036199545740429966
model_Caddy Life,0.0030748233076437603,model_Eos,0.0034628658811227237,model_California,0.0037920985617657245,model_IQ,0.0034885158857566037,model_Tigra,0.0023537476753034523,model_Verso-S,0.0030916696347759918,model_CLK,0.003722816091590842
model_Antara,0.003268557141950171,model_Caddy Life,0.003701980365233738,Electric,0.0038377426746535495,model_M6,0.003488515885762434,model_Kadjar,0.0023537476753034544,model_X6,0.003247458160721335,Other,0.003812304728475366
Electric,0.0033105125408443314,model_IQ,0.0037019803652413967,model_CLA Class,0.0040749568660631355,model_SQ7,0.0034885158857634498,model_Verso-S,0.0023537476753042194,Electric,0.003415775685365647,model_SQ7,0.003979880407614282
model_Caddy,0.0033105125408566926,model_SQ7,0.0037019803652492828,model_CLK,0.004145259395176593,model_Camry,0.004090717159781347,model_CLC Class,0.0023537476753064156,model_Caddy,0.0034157756853671595,model_M6,0.003979880407616653
model_Eos,0.0035757825305643086,model_M6,0.00370198036525036,model_Z3,0.004145259395179568,model_Supra,0.004272638989035307,model_S5,0.0023537476753098807,model_Caddy Life,0.003944242816584006,model_Avensis,0.004357923027379806
model_CLK,0.0035757825305667156,model_Camry,0.00434103071368847,model_SQ7,0.004431493859855539,model_S4,0.004272638989046844,model_Sharan,0.0026347456140866686,model_SQ7,0.003944242816600635,model_M2,0.004380141492877776
model_Z3,0.0035757825305693055,model_Supra,0.00453408445399691,model_M6,0.004431493859857957,model_PROACE VERSO,0.004777036994463901,model_Fox,0.002717889140481052,model_Fusion,0.003960760435513463,model_RS4,0.004430290897968348
model_Q3,0.003743440820909824,model_S4,0.0045340844539975625,model_IQ,0.004431493859865778,model_G Class,0.004777036994464373,model_Cascada,0.002717889140482617,model_EcoSport,0.004004530753227388,model_Camry,0.004666902949690762
model_M6,0.0038226940265391834,model_California,0.005069346890387791,model_Camry,0.005196475684703911,model_California,0.004777036994468709,model_Urban Cruiser,0.002717889140483776,model_Camry,0.004625113458146397,model_Supra,0.004874448836739177
model_IQ,0.0038226940265493957,model_PROACE VERSO,0.005069346890400104,model_Supra,0.005427572659959039,model_SQ5,0.004933730611309961,model_S8,0.0027178891404918385,model_Beetle,0.0053778263783938775,model_California,0.005449892321930712
model_Jetta,0.0041972014326310805,model_G Class,0.005069346890409251,model_S4,0.005427572659975307,model_Fusion,0.004933730611320122,model_Antara,0.003322130405768511,model_California,0.0054010916008493115,model_PROACE VERSO,0.005449892321931591
model_Camry,0.004482582439949026,model_SQ5,0.005235628688117845,model_TT,0.005436034322927905,model_i8,0.0050856019907981765,model_Z3,0.003595490626693072,model_PROACE VERSO,0.005401091600851412,model_G Class,0.005449892321932258
model_Supra,0.004681931249809689,model_i8,0.005396793172770371,model_Amarok,0.005632875661419218,model_S3,0.005233070995045889,model_Eos,0.0035954906266958873,model_i8,0.005749966397515479,model_Fusion,0.005628656551815006
model_S4,0.004681931249813291,model_S3,0.005553285898033446,model_B Class,0.0058353898365419345,model_GLB Class,0.005376499887227977,model_M6,0.0038437629871714172,model_X1,0.00589979728455694,model_SQ5,0.005628656551822752
model_California,0.0048402219195968635,model_GLB Class,0.005705491294282852,model_G Class,0.006068314091899166,Other.1,0.00550413814543374,model_IQ,0.0038437629871757263,model_7 Series,0.006028413171187813,model_R8,0.005655094669228971
model_PROACE VERSO,0.00523464744934042,model_Tourneo Connect,0.00578125831260235,model_GTC,0.00618654077251182,model_Vivaro,0.00565245899947993,model_Caddy,0.004604192652802965,model_GLB Class,0.006078866129041415,model_Touran,0.0056977778242788026
model_Fusion,0.005406351340858028,model_Vivaro,0.005998336518059877,model_SQ5,0.006267363436569286,model_M2,0.005652458999481096,model_8 Series,0.0053761505290793096,model_IQ,0.00617295140514494,model_i8,0.005801919322412151
model_SQ5,0.005406351340865648,model_M2,0.005998336518076044,model_i8,0.006460287048718769,model_Antara,0.006409504473592121,model_Fusion,0.005436148704382169,model_S4,0.006183655282601221,model_Tiguan,0.005930743349899772
model_i8,0.005572771054579795,model_Agila,0.00613952802892228,model_S3,0.006647618283038668,model_M3,0.0064095044736075454,model_Shuttle,0.0056396344563731625,model_Jetta,0.006203132035922122,model_C-HR,0.006031430903020687
model_S3,0.005734366672916884,model_Antara,0.006801706080522134,model_GLB Class,0.006829817325774425,model_R8,0.006527156942851485,model_S3,0.005765971908616422,model_Tourneo Connect,0.00635124269777961,model_GLB Class,0.0061337907761926285
model_RS4,0.005773763690980361,model_M3,0.0068017060805237095,model_B-MAX,0.006987638912402386,model_M5,0.006642728542977234,model_Passat,0.005805641568127932,model_Vivaro,0.006390875528402077,model_Vivaro,0.006448619287843012
model_Vivaro,0.00619392944170405,model_R8,0.00692655777829649,model_M2,0.007180370727731509,model_RS5,0.006642728542977404,model_Vivaro,0.0062280675795331995,model_Agila,0.006541306796937492,model_Agila,0.006600409754662314
model_M2,0.006193929441715963,model_RS5,0.0070492012772502294,model_Golf SV,0.007209167447707264,model_RS4,0.006868047445729339,model_M2,0.006228067579553583,model_6 Series,0.00662224948060317,model_CLA Class,0.006919576075970668
model_Agila,0.006339724905723483,model_M5,0.007049201277250498,model_Verso,0.0072193069241625486,model_Jetta,0.006977982817491173,model_Agila,0.006374666602211162,model_RAV4,0.006662434128628452,model_Antara,0.0073122961489536014
model_Galaxy,0.006733306150856288,model_RS4,0.007288307585319733,model_200,0.007248336624816994,model_RS3,0.0070862152994002475,model_Arteon,0.006988687585827937,model_GL Class,0.006672349075908388,model_S3,0.007434880203433565
model_GL Class,0.006890207679027318,model_Jetta,0.007404969971557907,model_180,0.00724833662481754,model_Tourneo Connect,0.007086215299412587,model_M3,0.007062205496155149,model_A7,0.0067713188418529295,model_RS5,0.0075783703004590475
model_M3,0.007023495167236579,model_RS3,0.007519825267052874,model_Transit Tourneo,0.007248336624821903,model_RS6,0.007703790756051426,model_R8,0.007191838905148117,model_Scirocco,0.0069867064573288125,model_M5,0.007578370300470234
model_R8,0.007152418011823672,model_RS6,0.008175190554016368,model_Ranger,0.007248336624822988,model_8 Series,0.007703790756056977,model_Caddy Maxi Life,0.007272346365229254,model_CLK,0.007126193786291071,model_SLK,0.007883920746462367
model_RS5,0.007279060652933451,model_8 Series,0.008175190554021449,model_A2,0.007248336624831072,model_i3,0.008089399257123512,model_RS5,0.0073191795432488126,model_Antara,0.0072468186488834916,model_Jetta,0.00796084581794814
model_M5,0.007279060652936747,model_i3,0.008584394681626865,model_Agila,0.007349385485169588,model_Land Cruiser,0.008810222342957023,model_M5,0.007319179543251378,model_GLE Class,0.007302944511791247,model_Tourneo Connect,0.008084323063976658
model_S-MAX,0.007376043998441764,model_Escort,0.008676696275444457,model_Q2,0.007384347277975651,model_X7,0.00914940801074596,model_Tourneo Connect,0.007416304232873982,model_GLC Class,0.007940190351811165,model_RS3,0.008084323063988342
model_RS3,0.007765030684386986,model_Land Cruiser,0.00934932538508499,model_T-Cross,0.0074842514384468135,model_Mustang,0.009314381311535967,model_RS4,0.007567443414475744,model_230,0.008143758064825443,model_Verso-S,0.00850713706693795
model_Tourneo Connect,0.007765030684401435,model_X7,0.00970926603706425,model_Land Cruiser,0.007487595659760054,model_Caddy Maxi Life,0.009476490381025266,model_Tiguan,0.007679083971134333,model_RS7,0.008143758064834085,model_8 Series,0.008788885273409918
model_Golf SV,0.008433242224748845,model_Zafira Tourer,0.009970718509452622,model_PROACE VERSO,0.00758897908893838,model_Grand Tourneo Connect,0.009476490381035126,model_CC,0.007691694553644525,model_GLS Class,0.008672684183902971,model_RS6,0.008788885273412886
model_RS6,0.00844176603153447,model_Caddy Maxi Life,0.010056362783145608,model_Beetle,0.007984600766154974,model_Shuttle,0.009635879779780386,model_RS3,0.00780782802176321,model_SQ5,0.008730268202103701,model_M3,0.009106296851286113
model_i3,0.008864313430529305,model_Grand Tourneo Connect,0.0100563627831505,model_Caddy Life,0.00803535647877498,model_Q8,0.010248746299468536,model_X7,0.008265155805104332,model_i3,0.009146168730602715,model_i3,0.009228807512183052
model_Beetle,0.009104763192469093,model_Shuttle,0.010225505319363889,model_M3,0.008142052566125199,model_Tourneo Custom,0.010248746299488253,model_220,0.008356644089175929,model_M Class,0.009178769193079028,model_Tiguan Allspace,0.009452971935616523
model_A4,0.009698214594086431,model_Q8,0.010875873526520991,model_R8,0.008291507581427703,model_GT86,0.010541866178792826,model_RS6,0.008488293228088153,model_Caddy Maxi Life,0.009472286939594054,model_Caddy Maxi Life,0.009576951848054054
model_V Class,0.00971943559703088,model_Tourneo Custom,0.010875873526565816,model_GL Class,0.008424479500501156,model_GLS Class,0.010613885460294802,model_Grand Tourneo Connect,0.008537622013758302,model_Sharan,0.009484955476854634,model_A4,0.010021148821218883
model_CC,0.009850148277062211,year,0.01112315849997201,model_RS5,0.008438319249486317,model_M Class,0.010966913615905537,model_Zafira Tourer,0.009076459007232689,model_CC,0.009682141699136079,model_CL Class,0.010033378900256032
model_Mustang,0.010206641152475344,model_GT86,0.011186929595535959,model_M5,0.008438319249490412,model_Puma,0.011036168905533222,model_Touran,0.009461418243189867,model_Land Cruiser,0.009961157502713612,model_Land Cruiser,0.010051159988295083
model_Zafira Tourer,0.010295842313065745,model_GLS Class,0.01126335578210253,model_Tiguan Allspace,0.008481297446195833,model_X-CLASS,0.011173396428167897,model_X6,0.009606255088017816,model_Q8,0.010438896637456127,model_X7,0.010438120643746178
model_Grand Tourneo Connect,0.010384279263349902,model_M Class,0.011637985952457203,model_2 Series,0.008718747889186647,model_Beetle,0.011241384324007606,model_Mustang,0.010262895542494299,model_Zafira Tourer,0.010623215408281404,model_Mustang,0.010626330767826936
model_1 Series,0.010407034699613118,model_X-CLASS,0.011857103577752534,model_RS4,0.008724543926893626,model_Hilux,0.011442933659132602,model_Insignia,0.010373645426163203,model_Grand Tourneo Connect,0.010714464355606135,model_Zafira Tourer,0.01071919981483724
model_Grand C-MAX,0.010704086974119082,model_Beetle,0.011929251695674674,model_RS3,0.00900168456085503,model_CLA Class,0.011442933659133054,model_Tiguan Allspace,0.010466829991258083,model_Shuttle,0.010894675801256182,model_CC,0.01080270879647198
brand_vw,0.01106314826658,model_S-MAX,0.012090532454194804,model_Zafira,0.009201632769324036,model_Tiguan Allspace,0.011771212301373181,model_SLK,0.010683679869260023,model_Tourneo Custom,0.01158760495707257,model_Grand Tourneo Connect,0.010811273227796861
model_Tourneo Custom,0.011230512499236713,model_Hilux,0.012143133961267063,model_A1,0.009295215160920016,model_CC,0.012027411585990383,model_Combo Life,0.010759454321344545,model_Puma,0.01247789356667499,model_Shuttle,0.01099311294588682
model_GT86,0.011551711441191466,model_CLA Class,0.012143133961271473,model_RS6,0.009786196351483086,model_SLK,0.012027411585998207,model_CLK,0.011093564202818075,model_X-CLASS,0.012633047990031294,model_GL Class,0.011176978206465864
model_SLK,0.011852731854712629,model_Streetka,0.012270771223138114,model_8 Series,0.009786196351504965,model_Caravelle,0.012401832721772496,model_Scirocco,0.011162498107682528,model_T-Cross,0.012765318145594028,model_Urban Cruiser,0.011402925033519635
model_Caddy Maxi,0.011928520032959411,model_Tiguan Allspace,0.012491500179970118,model_Cascada,0.01008932309785979,model_7 Series,0.012705461922024285,model_Beetle,0.01131921291154914,model_Hilux,0.012937796577035051,model_M4,0.011500696921601737
model_Puma,0.012093365297109582,model_Mustang,0.012607200832517507,model_i3,0.010276038381925307,model_X6,0.012705461922024932,model_GT86,0.011615379250296848,model_Passat,0.013873614253143249,model_Q8,0.011692302955061119
model_X-CLASS,0.0122437383635678,model_CC,0.012763376459817748,model_Caddy,0.010557572637680243,model_6 Series,0.012824910465966049,model_R Class,0.011818146510621411,model_Caravelle,0.014021962699128403,model_Tourneo Custom,0.011692302955079734
model_Hilux,0.012539095586049008,model_SLK,0.012763376459842449,model_A Class,0.010576693918341443,model_Z4,0.012824910465966404,model_Puma,0.012160018457291068,model_GTC,0.014021962699140954,model_GLS Class,0.01210887270556598
model_CLA Class,0.012539095586051964,model_Caravelle,0.013160708660216801,model_Arteon,0.010693644534737388,model_Amarok,0.013002035887972952,model_Verso,0.01269756776519413,model_S5,0.014105562916803647,model_2 Series,0.012400942472193265
model_GTC,0.013589851219391491,model_GTC,0.013160708660218167,model_Caravelle,0.011366021710135368,model_Verso,0.013176792405585657,model_Avensis,0.012769114465741712,model_CLC Class,0.01410556291681003,model_M Class,0.012511625591302122
model_Avensis,0.013592149722607513,model_7 Series,0.013482917122091268,model_X7,0.011622577264601754,model_Vectra,0.013195004128207503,model_T-Cross,0.013463374153570257,model_Polo,0.014150588267200621,model_Auris,0.01258929866092097
model_Z4,0.014053457182063585,model_X6,0.013482917122091289,model_Mustang,0.011832144368080976,model_Avensis,0.013234534411230328,model_GTC,0.013664752333185228,model_Mondeo,0.014557435943939146,model_Puma,0.012590635628598948
model_Amarok,0.014247550118636107,model_Mondeo,0.013512414028398447,model_Meriva,0.01204120315785825,model_A8,0.013406276072387643,model_Z4,0.014130913482242555,model_Amarok,0.014700574207360094,model_X-CLASS,0.012747191925528437
model_Verso,0.014439047224519656,model_Z4,0.01360967479744414,model_X-CLASS,0.012245854821048622,model_GL Class,0.013575856781263232,model_C-MAX,0.014198577458175501,model_S Class,0.01510285936091675,model_IQ,0.012775467862386376
model_2 Series,0.014491260505949902,model_6 Series,0.013609674797444165,model_Eos,0.012514175526329264,model_A7,0.013631917441358853,model_Ampera,0.014474296514619503,model_X5,0.01521613664168521,model_Hilux,0.013054694020881594
model_Q2,0.014660628408160842,model_Amarok,0.013797638635361157,model_Q8,0.01301907681797853,model_M4,0.013798740472372785,model_S4,0.014925985657054663,model_CLS Class,0.015291984310048195,model_Sharan,0.013891454171472677
model_8 Series,0.014992060853387928,model_Verso,0.013983088614087669,model_EcoSport,0.013160661192697723,model_Kadjar,0.015948261963071624,model_M4,0.01520391181647434,model_C-HR,0.015307113490383117,model_Caravelle,0.01414865595695003
model_M4,0.015120574050652215,model_Avensis,0.014044363889413082,model_GT86,0.013391429700383694,model_Tigra,0.015948261963071624,model_Q3,0.016703790891830123,model_S-MAX,0.0157013089018584,model_GTC,0.01414865595695782
model_Touran,0.01522664380097768,model_A8,0.014226614530652427,model_GLS Class,0.013482916456994872,model_X4,0.016517501098679006,model_GLA Class,0.01728541599096721,model_Combo Life,0.01590328005776779,model_7 Series,0.014495051944513374
Hybrid,0.016101843541200384,model_GL Class,0.014406571989728962,model_M Class,0.013931371374576932,model_S Class,0.01732987471952902,model_PROACE VERSO,0.017315230498296075,model_Aygo,0.01605179665013743,model_X6,0.014495051944513575
model_Mondeo,0.0165848442463446,model_A7,0.014466063036893696,model_Puma,0.014019347006837875,model_KA,0.01741781972116534,model_Meriva,0.017875309994813654,model_S8,0.016287793578974287,model_6 Series,0.014631325057600217
model_Combo Life,0.016894764295987054,model_Galaxy,0.014490627763590837,model_X1,0.014398796455767988,model_V Class,0.017765285794957588,model_1 Series,0.018026226869218624,model_3 Series,0.016996133016819615,model_Scirocco,0.01468731015391931
model_C-MAX,0.0185734088767279,model_M4,0.014643094074067874,model_SLK,0.015278531713480033,model_Edge,0.01780824676559738,brand_audi,0.01864892512514526,model_Yaris,0.01828273791446873,model_Amarok,0.014833398953661207
model_Arteon,0.01900405464848778,model_Combo Life,0.016361258647586547,model_X2,0.015705460200015328,Other,0.01833320718998216,model_SQ5,0.01885483402815358,model_CLA Class,0.018962060502683738,model_SL CLASS,0.015068773095026838
model_KA,0.0190863385990119,model_Fusion,0.01723364202154894,model_7 Series,0.01613986530036859,model_Galaxy,0.01864688796154451,model_Land Cruiser,0.018870195015468914,model_GLA Class,0.01915739461799787,model_Golf SV,0.015199693288067605
model_M Class,0.019822110516828337,model_X4,0.01752821737172975,model_X6,0.016139865300369403,model_Prius,0.0188101742969038,model_KA,0.019191533865440216,model_A4,0.019170752417623397,model_A8,0.015294577186061004
model_Kuga,0.01995659809869832,model_S Class,0.01839030064498559,model_6 Series,0.01629160188587363,model_Combo Life,0.018886138995177472,model_A4,0.019193927013087756,model_Galaxy,0.019185353004881417,model_A7,0.01555200059844557
model_GLS Class,0.020131732571538708,model_V Class,0.018852354797759926,model_Z4,0.016291601885873662,model_CLS Class,0.019012330830167894,model_Golf SV,0.01930843372050462,model_G Class,0.019228400728468507,model_Fox,0.01614194554647655
Other,0.020199141476020296,model_Edge,0.01889794457708944,model_A7,0.016518124816060242,model_Scirocco,0.019212383006335147,model_B Class,0.019382483414262085,model_Mokka X,0.01925223625716575,model_Verso,0.016944404472498408
model_Prius,0.020612072089628685,model_Prius,0.019961180683796986,model_X4,0.017025128309609058,model_Grand C-MAX,0.019410395894748113,model_California,0.019823978160127678,model_KA,0.019693219857860003,model_Q3,0.01716879559052787
model_A5,0.021058784004391644,Other,0.020175707302296324,model_A8,0.017030115970311118,model_Arteon,0.019449759250549814,model_7 Series,0.01999269981001168,model_B-MAX,0.01983395816160955,model_Combo Life,0.01758946464084845
model_Meriva,0.021441812895350295,model_CLS Class,0.020175707302304644,model_CL Class,0.017137738771746115,model_SL CLASS,0.01991612025769977,model_A Class,0.020027513093080294,model_Tiguan,0.01996112043772866,model_Z3,0.017771726751888553
model_Corolla,0.022116675335808158,model_Scirocco,0.020388000796944562,model_V Class,0.01730397189099701,model_Sharan,0.0199161202577424,model_SQ7,0.02020199065172098,model_V Class,0.020086077626134867,year,0.01785490490085347
model_T-Cross,0.022883920180024057,model_Arteon,0.0206399022427047,model_M4,0.017528667112315988,model_Corolla,0.020183245824351142,Electric,0.02047009513595371,model_Edge,0.020134650860580194,model_A Class,0.018283708740118632
model_T-Roc,0.022994919386036036,model_Meriva,0.020764719797695914,model_Sharan,0.02014216848557423,model_Golf SV,0.020221122005112377,model_Edge,0.020845066883513293,model_T-Roc,0.02081559106559844,model_X4,0.018844024553190477
model_Shuttle,0.023172697570657645,model_SL CLASS,0.021134800173020867,brand_audi,0.020298219474703443,model_X2,0.020964454700733177,model_X1,0.02428230337567542,Other,0.020875627280177222,model_S Class,0.01977082264244571
model_TT,0.023220713470200913,model_Sharan,0.021134800173032858,model_KA,0.020874845591685075,model_S-MAX,0.0212546019036196,model_Zafira,0.02460931306808308,model_S3,0.021064016512728215,model_B Class,0.019847428156829893
model_6 Series,0.023513209771425826,model_Corolla,0.021418271320871134,model_Shuttle,0.021630516372550115,model_T-Cross,0.021398219789623373,model_TT,0.02495695782193529,model_Prius,0.021267466532737873,model_KA,0.019871154875526806
model_A8,0.024845320910536983,model_Golf SV,0.021458465168974667,model_S Class,0.022014299469160028,model_TT,0.022650393406744077,model_B-MAX,0.02565566165678629,model_Corolla,0.021650686722661905,model_V Class,0.020267562248895737
model_Golf,0.02500820263344518,model_X2,0.02224728285940356,model_Edge,0.02388492729838768,model_Touran,0.02318553127031233,model_Q2,0.025865973428875498,model_Grand C-MAX,0.02194609888050919,model_Edge,0.02031657435926592
model_B-MAX,0.025515034326976074,model_T-Cross,0.02270759030672285,model_Prius,0.023894737656229185,model_B-MAX,0.023284521846868505,model_CLA Class,0.027221964651182522,model_Meriva,0.02212359030034555,model_Prius,0.02083655436226586
mpg,0.02570342065558367,model_TT,0.02403638521443948,Other,0.024151538962366024,model_Touareg,0.023546494910689827,model_Q8,0.027319850446066937,model_Q5,0.022913265058861824,model_Passat,0.021051468526048146
model_X2,0.0265382720452162,model_Touran,0.02460426850014607,model_CLS Class,0.024151538962402283,model_Q7,0.024629319513688134,model_A5,0.02749799480080004,model_M6,0.023034941774657626,model_X2,0.021120331824067824
model_A3,0.026558488017810584,model_Touareg,0.02498731973256887,model_CC,0.024536519699624393,model_GLE Class,0.02655010313255652,model_Camry,0.027717426793639328,model_Touareg,0.023110916591602273,model_Galaxy,0.021273339864713355
model_Caravelle,0.02719753476172421,model_Q7,0.026136403053532153,model_Tourneo Connect,0.0247634994499128,model_X5,0.026751986038038016,model_6 Series,0.02796430184496413,model_E Class,0.02368613893986107,model_CLS Class,0.021690256100805928
model_Land Cruiser,0.027234444594705785,tax,0.027373111740055498,model_Corolla,0.025098674487711067,model_RAV4,0.026895279919000415,model_Viva,0.0288362265729863,model_Viva,0.024620390069931178,model_Grand C-MAX,0.022144389435351738
model_Caddy Maxi Life,0.027724835101928184,model_Viva,0.027772561663328265,model_SL CLASS,0.025299630996343702,model_C-HR,0.027066252612351446,model_T-Roc,0.029017501579768484,model_8 Series,0.02489843320051982,model_Arteon,0.02218929719943998
model_Viva,0.028678165494741212,model_GLE Class,0.028174720629166636,brand_bmw,0.02592970936032008,model_CL Class,0.027960837728993396,model_X4,0.029049650380307386,model_A6,0.024991174928563557,model_Meriva,0.02232348455123052
model_Tiguan Allspace,0.029045748462154533,model_Adam,0.028236093351679842,model_Grandland X,0.025992816763937485,model_Mondeo,0.028370684142551998,model_Adam,0.029317511121051257,model_Crossland X,0.025226632627907697,model_A5,0.023073724253993105
model_Adam,0.029156811959948643,model_X5,0.02838895687650312,model_GLA Class,0.026338259797515678,model_Ka+,0.028506021023163314,model_A7,0.03075086715326276,model_Supra,0.02545895358192733,mpg,0.023653395225732062
model_Edge,0.029238953802345605,model_Grand C-MAX,0.02839319444950018,model_Hilux,0.02730836459501652,model_C-MAX,0.028828299657718916,model_Ka+,0.031408883350025674,model_SLK,0.025566240033492036,model_Corolla,0.024028006755008602
model_RAV4,0.029471680581627295,model_RAV4,0.028541019000157368,model_Auris,0.028043385062634665,model_X3,0.029041213718434884,model_Hilux,0.03141461413131333,model_M3,0.02579936488491191,model_S-MAX,0.02424835559246743
model_C-HR,0.029659031396346774,model_C-HR,0.028722453620071906,model_Q5,0.02808169090135683,model_B Class,0.030083750879180554,model_Mokka,0.031453408017135025,model_Auris,0.026592227317654274,model_1 Series,0.026071795944867956
model_S Class,0.0297111930326075,model_CL Class,0.02967177896225858,model_Q3,0.028366234865963163,model_Auris,0.033042951889539436,model_Crossland X,0.03229391366726308,model_Verso,0.027115529571765554,model_B-MAX,0.02656419386746458
model_Q8,0.029884628423840657,model_X3,0.030818263837414706,model_Jetta,0.028541453279170886,model_T-Roc,0.03353073249085616,model_GLE Class,0.032447443392979426,model_Q7,0.027846803554962732,model_Touareg,0.026863066367432815
model_GLB Class,0.02991630363185233,model_Grandland X,0.03129310992276064,model_4 Series,0.028622449706906732,model_A6,0.03387498836011145,year,0.03340078429137639,model_Adam,0.028750564413839972,model_X1,0.02698380149583117
model_Ka+,0.031236720672769995,model_B Class,0.0319245945022218,model_T-Roc,0.029008271785801627,model_X1,0.03513141952018229,model_S Class,0.03357162027818014,model_C-MAX,0.02972020005956559,model_Q7,0.02809840900697422
model_7 Series,0.03158021245310334,model_Zafira,0.03214140978404641,model_A4,0.029061936405501615,model_Q2,0.03552616941215622,model_A3,0.03395551122974158,model_B Class,0.031335482870022434,model_RAV4,0.028935670445178096
model_Grandland X,0.032313511302529914,model_Crossland X,0.03433764584180114,model_RAV4,0.029640545596178704,model_GLA Class,0.03606753120277495,model_i8,0.034458456885728135,model_Ka+,0.032229943142522734,model_Viva,0.029857390674235165
model_Crossland X,0.03283451481682372,mpg,0.034559363763291086,model_Touareg,0.02991132935477298,model_Q5,0.036707027403519464,model_A8,0.035347681971290894,model_Up,0.03231894545685628,model_GLE Class,0.030289738885434833
model_Zafira,0.0331894724078831,model_Auris,0.035064870882309765,model_Antara,0.030882197277968388,model_A5,0.036812572361011583,model_GLC Class,0.036802003709256265,brand_vw,0.03279137430287354,model_Adam,0.03035571873178662
brand_audi,0.0332344423371709,model_T-Roc,0.035582499085069795,model_X3,0.03124064457003212,model_Up,0.036854709092174955,model_GLS Class,0.036890106483696325,model_Kuga,0.03303328933213764,model_4 Series,0.030433481209740373
model_B Class,0.03466853707473885,model_A6,0.035947820187413784,model_Q7,0.03128685142101944,model_Passat,0.03750201764789093,model_4 Series,0.037117854300766626,model_Grandland X,0.03334097208635475,model_X5,0.030520057406558537
model_X7,0.036022100001106325,model_X1,0.03728113315981935,model_Astra,0.031541377789504214,model_GLC Class,0.038423052389744264,model_Caravelle,0.038568598886953076,model_Zafira,0.03424478580334321,model_TT,0.03166247594967109
model_Auris,0.036208261319208054,model_Mokka,0.037537665573939755,model_Vivaro,0.03321982391066768,model_4 Series,0.03912506410526325,model_M Class,0.03931412416720749,model_1 Series,0.034379128305448654,model_GLA Class,0.031985009485251945
model_A7,0.03720105164041073,model_Q2,0.03770003804579415,model_Viva,0.03324543199631531,model_5 Series,0.04032066378897257,model_Q5,0.03967582162955095,model_M2,0.035241983540127475,model_Mondeo,0.03236675241488529
model_Mokka,0.038761688556625935,model_GLA Class,0.03827452610458266,model_GLE Class,0.033726840543031336,mileage,0.04176170763376267,model_Up,0.0402793253403042,model_4 Series,0.036655065560005536,model_Ka+,0.03252115176893535
model_X5,0.038950515332739945,model_Q5,0.038953153479561756,model_Adam,0.03380030739480936,model_EcoSport,0.04196972032232301,model_Kuga,0.043854600863426615,model_CL Class,0.03736357146916112,model_C-MAX,0.032888824001309505
model_Up,0.040385161171910926,model_A5,0.03906515679960797,model_X5,0.0339832942572417,model_Agila,0.04319275764598746,model_CLS Class,0.044773462683660066,model_A1,0.03956563110157802,model_X3,0.033131727438327374
model_Passat,0.0415636961531294,model_Up,0.03910987190365835,model_C-HR,0.03438250998118813,model_2 Series,0.043541547892842106,model_EcoSport,0.046243635643510986,model_Mokka,0.03999417965083913,model_Grandland X,0.033642219241436816
model_X4,0.04320336020230329,model_Passat,0.03979678967668704,model_Ka+,0.03582776430768133,model_A1,0.04561493033647912,model_V Class,0.047356519213971916,model_Mustang,0.04001953246436822,model_Zafira,0.03455419922643115
model_Sharan,0.04360457995955321,model_GLC Class,0.04077418311341241,model_Scirocco,0.038011577339368455,model_A4,0.04619608981986327,model_A1,0.04759239817118879,model_RS4,0.040210040384669785,model_Crossland X,0.03691530220214467
model_Insignia,0.04362930325040527,model_4 Series,0.041519151366966364,model_Grand Tourneo Connect,0.03847388779371075,model_Q3,0.04680405795479792,model_Aygo,0.048655090040330015,brand_toyota,0.040756822755116384,model_Q5,0.037052549780901875
model_X6,0.04485185622968793,model_Insignia,0.042251569929570756,model_Mokka X,0.04063846558653906,model_Tiguan,0.05234134305697312,model_X3,0.05436211960196004,model_R8,0.04129649770677637,model_Beetle,0.038175284393407415
model_A Class,0.04521831528712349,model_5 Series,0.04278791054674592,model_Mokka,0.04130481796588073,model_Insignia,0.05279530526316506,model_i3,0.054811252637635345,model_Golf SV,0.04307545350313729,model_A6,0.038646349019845386
model_EcoSport,0.04599015868824031,model_2 Series,0.046205882572889906,model_5 Series,0.04166807298745448,model_Zafira Tourer,0.053689013825651236,model_Yaris,0.05683149305969489,model_M5,0.0438624533251766,model_Mokka,0.040355540825606134
model_CL Class,0.046390948581129104,model_A1,0.04840613659138435,model_Avensis,0.04323344649767379,model_A3,0.05477112898198114,model_Touareg,0.0573464587567175,model_RS5,0.0438624533251916,model_GLC Class,0.04383501707159551
model_A1,0.04837760571067095,model_A4,0.04902285758881347,model_Grand C-MAX,0.04386689014022297,model_E Class,0.05511847794197074,model_Golf,0.059367542526716915,model_Insignia,0.0450165680912356,model_A3,0.04399522295459006
model_X1,0.05066349267404257,model_Q3,0.04966802767620045,model_Touran,0.043989295364680076,model_Aygo,0.05523381832136757,model_Mokka X,0.06088417212427704,model_Arteon,0.045940501628217535,model_Insignia,0.04542330827367177
model_CLS Class,0.05720406186116934,model_Tiguan,0.05554414273369572,model_Up,0.04681687640187469,model_1 Series,0.05534893971502522,model_GL Class,0.06105153432953302,model_RS3,0.04679083087805193,model_5 Series,0.04570648629605413
mileage,0.05845512181762416,model_A3,0.0581226087865252,model_GLC Class,0.048809157337596325,model_Yaris,0.057510268150785755,model_A6,0.061852642722730604,model_A5,0.04940423078055472,model_3 Series,0.04661038963673511
model_Mokka X,0.060312150681530896,model_E Class,0.05849121224735508,model_Tourneo Custom,0.05173953394822928,model_Kuga,0.058924801183880375,model_Astra,0.06494235679507289,model_Astra,0.04979919694642953,model_Q2,0.04682032838140804
model_Aygo,0.06052487483952368,model_Aygo,0.058613610377234886,model_A3,0.052187126457443465,model_3 Series,0.06182256990876192,model_3 Series,0.06923302918776665,model_RS6,0.05086872966080763,model_EcoSport,0.047881240359664186
model_Tiguan,0.060617029923978584,model_1 Series,0.05873577612125262,model_Combo Life,0.05458557037669334,model_A Class,0.06334168257516488,model_Focus,0.06949646351315791,model_X2,0.052859678309949164,mileage,0.051544591566293145
model_Q7,0.06083813759041892,mileage,0.060781842403727755,model_C-MAX,0.05710559975803333,Hybrid,0.06522751963774608,model_X-CLASS,0.07356066096088114,model_Q2,0.053087125518736865,model_T-Cross,0.05561580108470162
model_Yaris,0.0630193944143663,model_Yaris,0.06102935760234054,brand_vw,0.05879333728450094,model_GTC,0.06660050079802703,model_Amarok,0.0761021668044423,model_TT,0.05311362372899804,model_GT86,0.05566838699769085
model_4 Series,0.06535093080276774,model_Mokka X,0.06110299360622824,model_S-MAX,0.05973500803331383,model_Polo,0.0720669927100009,model_Polo,0.07802410459776365,model_Q3,0.06228848473245485,model_E Class,0.06266514299988346
model_Astra,0.06638058627901741,model_C-MAX,0.062253842814506286,model_Galaxy,0.05990254467270749,model_C Class,0.07715425804737186,model_C Class,0.07816770157837864,model_Golf,0.0631890922343557,model_T-Roc,0.06298922940489392
tax,0.070389842637341,model_3 Series,0.06560553181500124,model_Passat,0.06690061872117382,model_Focus,0.08580381915569299,model_Q7,0.07940145291304285,model_A3,0.06411698648479795,tax,0.06402778557219538
model_X3,0.0711376886354581,model_A Class,0.06721759994028983,model_Golf,0.06771544137056226,model_Golf,0.0884837714968136,model_Corsa,0.08131854725788822,model_A Class,0.06514834137297404,brand_audi,0.06521724981037196
model_A6,0.07248012852029519,Hybrid,0.06902403102781586,model_1 Series,0.06832020891682118,tax,0.09203000084066301,brand_vw,0.08274316318792722,model_2 Series,0.06612156371463529,model_Mokka X,0.06568986950437125
model_Touareg,0.07321017210063975,model_Astra,0.0704474428451383,model_Yaris,0.06879426211018701,model_Fiesta,0.10380807040372413,model_RAV4,0.08593033814105128,model_Z4,0.06631643866500411,model_Kuga,0.06722447867044544
model_Q5,0.07828386728264802,model_B-MAX,0.07406474977043137,model_E Class,0.06880721234113765,brand_toyota,0.10534812291434695,model_Corolla,0.08673482056546253,Hybrid,0.07374860376152446,brand_bmw,0.06854910260887684
model_Polo,0.07897056271667934,model_Polo,0.07647681728597067,model_Tiguan,0.0693742541700675,model_Grandland X,0.10895698834555108,model_5 Series,0.08882025053521846,model_SL CLASS,0.07819114425587487,Hybrid,0.07367535258803347
model_Corsa,0.08070318348695829,model_Puma,0.07764156570806359,model_Aygo,0.07016402813240684,Automatic,0.11256635449020314,mileage,0.08999250317485326,model_Focus,0.08009070152086639,model_Astra,0.07573578730397226
model_5 Series,0.08264778416850734,model_Corsa,0.07831899788888996,model_Polo,0.07133242525281666,model_Meriva,0.12694480831169494,model_X5,0.0979580441329321,model_Corsa,0.0834442958493469,model_C Class,0.07694497840241613
model_3 Series,0.08676392497642739,model_C Class,0.08187537558660178,engineSize,0.07706011688111934,brand_audi,0.13588101817191997,DBScan,0.10045386276924459,model_M4,0.08684553621485455,model_Corsa,0.08419824377459298
model_Focus,0.0878111038100715,model_Golf,0.09389814908417028,model_Focus,0.07760391803142881,brand_bmw,0.1366986105103929,model_E Class,0.1026761108655754,brand_bmw,0.09255551217922647,model_Focus,0.09788946071609986
model_GLE Class,0.09571039875661932,brand_toyota,0.1117944407638019,model_C Class,0.0788775345260586,k-means1,0.1421425341540311,Other,0.10859952115872983,DBScan,0.11306721791889784,model_Golf,0.1160651404378593
model_GLA Class,0.09619938850899389,model_KA,0.1211204038077178,model_Corsa,0.0791893031754452,k-means0,0.1467774981555989,model_Fiesta,0.11437918927567207,model_Fiesta,0.11736917629234776,model_Fiesta,0.11842964718544974
year,0.10218823379363376,DBScan,0.1406971857598625,Hybrid,0.08285911895923338,k-means4,0.1475864693441727,brand_bmw,0.1210646246057947,model_C Class,0.11914740701323565,brand_merc,0.1296679923320717
brand_toyota,0.11197750864544338,k-means3,0.1421425341540311,model_Fiesta,0.08739861495604591,mpg,0.1501502643427456,model_Prius,0.12681319251713863,brand_merc,0.12033508032796307,model_A1,0.1514669073545332
model_Fiesta,0.1137522383831402,brand_audi,0.14419566307054107,brand_toyota,0.0915837452346465,k-means5,0.15144452805132094,model_C-HR,0.12997747429075138,brand_audi,0.12346613733497125,k-means3,0.1528128814730971
model_C Class,0.11820334104994898,brand_bmw,0.1450632843991817,model_Mondeo,0.09233364902439822,k-means6,0.1528128814730971,brand_vauxhall,0.14343602140600048,year,0.13217592263974065,DBScan,0.1596939237034703
DBScan,0.12443141712967096,k-means0,0.15575890551330132,brand_ford,0.11065028816093533,brand_merc,0.15312847167741334,model_Auris,0.14601913689776672,brand_vauxhall,0.14119300965501086,k-means1,0.16216359772894146
model_GLC Class,0.1297791081087778,k-means4,0.15661737815684848,brand_merc,0.11593324643067279,model_Mokka,0.15385480003281318,k-means3,0.1475864693441727,k-means3,0.15144452805132094,k-means0,0.16745140578924664
k-means3,0.1467774981555989,k-means5,0.1607115139009494,model_Insignia,0.12541625127290076,brand_vw,0.16687806262952276,mpg,0.15520256931901208,Automatic,0.15857799626068667,k-means4,0.16837432220655638
brand_bmw,0.15245239179170061,k-means6,0.16216359772894146,year,0.15515727364216667,k-means2,0.17015318969450133,brand_ford,0.15645996016717087,brand_ford,0.1586791893877955,price,0.17158992290866912
k-means1,0.15575890551330132,brand_merc,0.16249849909601813,price,0.1689726343946927,model_Crossland X,0.1741924675324882,k-means1,0.15661737815684848,k-means1,0.1607115139009494,k-means5,0.17277579628983286
k-means4,0.16172433585965856,Automatic,0.16304815112423496,k-means3,0.17015318969450133,model_Zafira,0.18203061399848822,brand_toyota,0.15931967690173432,engineSize,0.1607619314454336,brand_vauxhall,0.17869247134846863
brand_ford,0.16184000117664724,brand_vauxhall,0.16621504985005536,k-means1,0.1805649703079801,brand_ford,0.18528293204232027,k-means0,0.16172433585965856,k-means0,0.16595197261403868,k-means2,0.19411961078408976
k-means5,0.16595197261403868,brand_vw,0.177089436159933,k-means0,0.18645280776795717,model_Viva,0.18994529817936692,brand_merc,0.16302829258966361,mileage,0.1665818614897461,model_Yaris,0.20805987586273658
brand_vauxhall,0.16645527071723631,k-means2,0.1805649703079801,k-means4,0.18748045132006075,model_Adam,0.19718680334124228,k-means5,0.16686662483396664,k-means4,0.16686662483396664,brand_ford,0.21138040795797094
k-means6,0.16745140578924664,Semi-Auto,0.19238077023301378,k-means5,0.19238137882958015,Semi-Auto,0.20249517007309112,k-means6,0.16837432220655638,k-means6,0.17277579628983286,Automatic,0.21372839476151487
model_E Class,0.17039715363365435,model_Ka+,0.20011068380720157,k-means6,0.19411961078408976,engineSize,0.21846033204161427,price,0.18484557292935794,k-means2,0.19238137882958015,Semi-Auto,0.23139572486678398
k-means2,0.18645280776795717,model_EcoSport,0.20429417750316833,model_Kuga,0.19941995125956904,price,0.2549620548517499,k-means2,0.18748045132006075,tax,0.19285197687498098,model_Up,0.23156382992919353
Automatic,0.20528713787373473,price,0.22116913880719144,mpg,0.22926006309094055,Manual,0.26467681434255635,Semi-Auto,0.22348167068877187,mpg,0.29761093865125215,engineSize,0.28489087688735837
brand_merc,0.2767867234569859,Manual,0.29741122149495497,tax,0.2365688352669928,Diesel,0.3133747266629149,engineSize,0.2885841403489451,price,0.30398302142270256,brand_toyota,0.29409511857113113
price,0.321357301234863,Diesel,0.33255032313369537,Automatic,0.23798103763462145,model_Astra,0.3150911689336978,Diesel,0.29693393237545085,Diesel,0.3543128525181084,model_Aygo,0.3034384475627196
engineSize,0.3298949466704219,model_Focus,0.3424522524383338,Semi-Auto,0.25765315258894506,Petrol,0.33539010150984666,Hybrid,0.3858588180312795,Petrol,0.3792195701696095,brand_vw,0.31524273898288974
Petrol,0.43754002162005634,Petrol,0.3559202361649714,mileage,0.2619834609730812,model_Mokka X,0.33545201324074103,Petrol,0.4399515443392638,Semi-Auto,0.3922512873016332,model_Polo,0.3534926525589957
Diesel,0.4489492670143761,engineSize,0.3808335431939493,Manual,0.4142673626269681,DBScan,0.337123556456682,Manual,0.45249374389847846,Manual,0.46432238534711956,Diesel,0.35751419105686527
Manual,0.4500134731558768,model_Fiesta,0.6799353370072906,Petrol,0.5072223687776746,model_Corsa,0.5335581846694415,Automatic,0.7877150365508085,model_Eos,8.42556492062456e-05,Manual,0.3721030941916622
Semi-Auto,0.7235806379686088,brand_ford,0.76716474953974,Diesel,0.5429703649262559,brand_vauxhall,0.8551724665273271,model_Galaxy,7.055692906456146e-05,model_Z3,8.425564920659073e-05,Petrol,0.3805950965758198
,,,,,,,,,,,,,
col0,k-means0,col1,k-means1,col2,k-means2,col3,k-means3,col4,k-means4,col5,k-means5,col6,k-means6
